	node1	node2	provenance
0	CHRAC1	POLE3	ppi
1	POLE2	POLE	ppi
2	POLE2	KAT5	ppi
3	MCM6	MCM10	ppi
4	MCM6	MCM2	ppi
5	MCM6	MCM3	ppi
6	MCM6	MCM4	ppi
7	MCM6	MCM7	ppi
8	MCM6	RPA1	ppi
9	WDR48	USP46	ppi
10	WDR48	USP12	ppi
11	WDR48	PAXIP1	ppi
12	KAT5	FANCD2	ppi
13	KAT5	AR	ppi
14	KAT5	BARD1	ppi
15	KAT5	LMNA	ppi
16	KAT5	BRCA1	ppi
17	ATR	NBN	ppi
18	XRCC1	PNKP	ppi
19	XRCC1	OGG1	ppi
20	XRCC1	POLB	ppi
21	XRCC1	PARP1	ppi
22	XRCC1	PCNA	ppi
23	XRCC1	APLF	ppi
24	XRCC1	APEX1	ppi
25	XRCC1	APTX	ppi
26	XRCC1	LIG3	ppi
27	ATRIP	BRCA1	ppi
28	ATRIP	RPA1	ppi
29	DCLRE1C	LIG4	ppi
30	BARD1	BRCA1	ppi
31	BARD1	RAD51	ppi
32	XRCC5	XRCC6	ppi
33	XRCC5	PRKDC	ppi
34	XRCC5	APLF	ppi
35	ERCC4	ERCC1	ppi
36	ERCC4	RPA1	ppi
37	ERCC4	RPA2	ppi
38	TDP1	LIG3	ppi
39	TDP1	FEN1	ppi
40	FANCD2	FANCI	ppi
41	FANCD2	BRCA1	ppi
42	FANCD2	ATM	ppi
43	FANCD2	BRCA2	ppi
44	FANCD2	RBBP8	ppi
45	HUS1B	RAD1	ppi
46	POLD1	PCNA	ppi
47	POLD1	POLD2	ppi
48	POLD1	POLD4	ppi
49	RPA4	XPA	ppi
50	RPA4	RPA1	ppi
51	RPA4	RPA3	ppi
52	RPA4	RPA2	ppi
53	NEIL1	LIG3	ppi
54	NEIL1	POLB	ppi
55	NEIL1	HUS1	ppi
56	PAXIP1	H2AX	ppi
57	PAXIP1	RPA1	ppi
58	LMNA	H2AX	ppi
59	LMNA	EMD	ppi
60	LMNA	ZMPSTE24	ppi
61	LMNA	MCM5	ppi
62	LMNA	PCNA	ppi
63	LMNA	PNKP	ppi
64	MCM7	MCM10	ppi
65	MCM7	MCM2	ppi
66	MCM7	MCM5	ppi
67	MCM7	MCM4	ppi
68	MCM7	MCM3	ppi
69	MCM7	RPA1	ppi
70	MDC1	RNF8	ppi
71	MDC1	NBN	ppi
72	MDC1	H2AX	ppi
73	MDC1	PRIM1	ppi
74	PMS2	MLH1	ppi
75	PMS2	PCNA	ppi
76	PMS2	XPA	ppi
77	POLD3	PCNA	ppi
78	POLD3	POLD2	ppi
79	ZMPSTE24	SPATA48	ppi
80	ZMPSTE24	CDX1	ppi
81	HUS1	RAD9A	ppi
82	HUS1	MSH6	ppi
83	HUS1	MSH3	ppi
84	HUS1	PCNA	ppi
85	HUS1	RAD1	ppi
86	HUS1	MSH2	ppi
87	POLA2	PARP1	ppi
88	MCM4	MCM2	ppi
89	MCM4	RPA1	ppi
90	MCM4	RPA2	ppi
91	MCM4	LIG4	ppi
92	TOP3A	RMI1	ppi
93	TOP3A	BLM	ppi
94	POLE4	POLE3	ppi
95	MSH3	MLH1	ppi
96	MSH3	PCNA	ppi
97	MSH3	RAD9A	ppi
98	MSH3	RAD1	ppi
99	MSH3	MSH2	ppi
100	LIG1	MRE11	ppi
101	MCM10	MCM3	ppi
102	MCM10	MCM2	ppi
103	EXO1	MLH1	ppi
104	EXO1	MSH2	ppi
105	EXO1	PCNA	ppi
106	CDK2	TP53	ppi
107	CDK2	MCM3	ppi
108	CDK2	MRE11	ppi
109	POLD2	PCNA	ppi
110	POLD2	POLD4	ppi
111	MRE11	XRCC6	ppi
112	MRE11	NBN	ppi
113	MRE11	RPA1	ppi
114	NBN	XRCC4	ppi
115	NBN	RAD51	ppi
116	FEN1	BLM	ppi
117	FEN1	WRN	ppi
118	FEN1	PCNA	ppi
119	RAD51AP1	RAD51	ppi
120	PRIM1	PRIM2	ppi
121	APLF	XRCC4	ppi
122	APLF	XRCC6	ppi
123	APTX	XRCC4	ppi
124	APTX	PARP1	ppi
125	RAD51	WRN	ppi
126	RAD51	BRCA2	ppi
127	RAD51	RAD52	ppi
128	RAD51	RPA1	ppi
129	RAD51	BLM	ppi
130	RAD51	BRCA1	ppi
131	RAD51	RPA2	ppi
132	RAD51	RPA3	ppi
133	XPA	ERCC1	ppi
134	XPA	RPA2	ppi
135	XPA	RPA1	ppi
136	XPA	MLH1	ppi
137	XPA	PCNA	ppi
138	TP53	BLM	ppi
139	TP53	RPA1	ppi
140	TP53	WRN	ppi
141	TP53	TP53BP1	ppi
142	TP53	PARP1	ppi
143	TP53	AR	ppi
144	TP53	BRCA2	ppi
145	RPA3	RPA2	ppi
146	RPA3	RPA1	ppi
147	RPA3	MCM2	ppi
148	RPA3	ERCC1	ppi
149	BANF1	EMD	ppi
150	MSH2	MSH6	ppi
151	MSH2	RAD9A	ppi
152	MSH2	PCNA	ppi
153	MSH2	BRCA1	ppi
154	MSH2	RAD1	ppi
155	MSH2	MLH1	ppi
156	RAD50	BRCA1	ppi
157	ERCC1	RPA1	ppi
158	ERCC1	RPA2	ppi
159	MCM3	MCM2	ppi
160	MCM3	MCM5	ppi
161	MCM3	RPA2	ppi
162	BRIP1	BRCA1	ppi
163	BRIP1	MLH1	ppi
164	BRIP1	BLM	ppi
165	BRIP1	RPA1	ppi
166	LIG4	XRCC4	ppi
167	LIG4	TP53BP1	ppi
168	LIG4	WDR20	ppi
169	PRIM2	RPA2	ppi
170	RAD1	MSH6	ppi
171	RAD1	RAD9A	ppi
172	FANCI	BRCA2	ppi
173	APEX1	POLB	ppi
174	AR	BRCA1	ppi
175	AR	RAD9A	ppi
176	MSH6	PCNA	ppi
177	MSH6	XRCC6	ppi
178	MSH6	BRCA1	ppi
179	MSH6	RAD9A	ppi
180	RPA2	RPA1	ppi
181	RPA2	RAD52	ppi
182	RPA2	MCM2	ppi
183	RPA2	MCM5	ppi
184	PNKP	XRCC4	ppi
185	PNKP	LIG3	ppi
186	PNKP	POLB	ppi
187	USP46	WDR20	ppi
188	RMI1	RMI2	ppi
189	PRKDC	XRCC6	ppi
190	PRKDC	RNF8	ppi
191	XRCC4	NHEJ1	ppi
192	XRCC4	XRCC6	ppi
193	MLH1	BLM	ppi
194	MLH1	PCNA	ppi
195	POLA1	PARP1	ppi
196	PCNA	POLD4	ppi
197	PCNA	WRN	ppi
198	PCNA	RBBP8	ppi
199	PCNA	XRCC6	ppi
200	RPA1	BLM	ppi
201	RPA1	WRN	ppi
202	RPA1	MCM2	ppi
203	RPA1	RAD52	ppi
204	RPA1	RAD9A	ppi
205	BLM	WRN	ppi
206	WRN	RAD52	ppi
207	WRN	POLB	ppi
208	WDR20	USP12	ppi
209	LIG3	PARP1	ppi
210	RBBP8	BRCA1	ppi
211	BRCA1	BRCA2	ppi
212	MCM2	MCM5	ppi
213	POLE2	PRIM2	pathways
214	POLE2	POLA1	pathways
215	POLE2	PRIM1	pathways
216	POLE2	POLA2	pathways
217	POLE2	POLE3	pathways
218	POLE2	POLE4	pathways
219	POLE2	POLE	pathways
220	MCM6	CDK2	pathways
221	MCM6	RPA2	pathways
222	MCM6	RPA1	pathways
223	MCM6	RPA4	pathways
224	MCM6	RPA3	pathways
225	MCM6	MCM10	pathways
226	MCM6	MCM5	pathways
227	MCM6	MCM3	pathways
228	MCM6	MCM4	pathways
229	MCM6	MCM2	pathways
230	MCM6	MCM7	pathways
231	MCM6	ATR	pathways
232	WDR48	PCNA	pathways
233	WDR48	RPA3	pathways
234	WDR48	RPA1	pathways
235	WDR48	RPA2	pathways
236	WDR48	USP12	pathways
237	WDR48	WDR20	pathways
238	WDR48	AR	pathways
239	WDR48	USP1	pathways
240	WDR48	FANCI	pathways
241	WDR48	FANCD2	pathways
242	KAT5	RAD50	pathways
243	KAT5	MRE11	pathways
244	KAT5	NBN	pathways
245	KAT5	ATM	pathways
246	KAT5	BARD1	pathways
247	KAT5	RBBP8	pathways
248	KAT5	WRN	pathways
249	KAT5	EXO1	pathways
250	KAT5	TOP3A	pathways
251	KAT5	BLM	pathways
252	KAT5	RMI2	pathways
253	KAT5	BRCA1	pathways
254	KAT5	BRIP1	pathways
255	KAT5	RMI1	pathways
256	KAT5	ATRIP	pathways
257	KAT5	ATR	pathways
258	KAT5	TP53BP1	pathways
259	KAT5	DCLRE1C	pathways
260	KAT5	PAXIP1	pathways
261	KAT5	H2AX	pathways
262	KAT5	CDK2	pathways
263	KAT5	MDC1	pathways
264	KAT5	RNF8	pathways
265	KAT5	RPA1	pathways
266	KAT5	RPA3	pathways
267	KAT5	RPA2	pathways
268	KAT5	XRCC6	pathways
269	KAT5	XRCC5	pathways
270	ATR	ATRIP	pathways
271	ATR	BARD1	pathways
272	ATR	BRCA1	pathways
273	ATR	BRIP1	pathways
274	ATR	RPA2	pathways
275	ATR	WRN	pathways
276	ATR	RPA1	pathways
277	ATR	MRE11	pathways
278	ATR	BLM	pathways
279	ATR	TOP3A	pathways
280	ATR	NBN	pathways
281	ATR	ATM	pathways
282	ATR	EXO1	pathways
283	ATR	RMI2	pathways
284	ATR	RMI1	pathways
285	ATR	RBBP8	pathways
286	ATR	RPA3	pathways
287	ATR	RAD50	pathways
288	ATR	FANCD2	pathways
289	ATR	FANCI	pathways
290	ATR	H2AX	pathways
291	ATR	TP53	pathways
292	ATR	MCM3	pathways
293	ATR	MCM5	pathways
294	ATR	MCM2	pathways
295	ATR	MCM4	pathways
296	ATR	MCM10	pathways
297	ATR	MCM7	pathways
298	ATR	CDK2	pathways
299	XRCC1	RAD50	pathways
300	XRCC1	MRE11	pathways
301	XRCC1	RBBP8	pathways
302	XRCC1	NBN	pathways
303	XRCC1	LIG3	pathways
304	XRCC1	POLB	pathways
305	XRCC1	NEIL1	pathways
306	XRCC1	PNKP	pathways
307	XRCC1	PCNA	pathways
308	XRCC1	RPA1	pathways
309	XRCC1	POLD2	pathways
310	XRCC1	POLD3	pathways
311	XRCC1	POLD4	pathways
312	XRCC1	POLD1	pathways
313	XRCC1	RPA3	pathways
314	XRCC1	RPA2	pathways
315	ATRIP	MRE11	pathways
316	ATRIP	RAD50	pathways
317	ATRIP	NBN	pathways
318	ATRIP	ATM	pathways
319	ATRIP	BARD1	pathways
320	ATRIP	RBBP8	pathways
321	ATRIP	RPA1	pathways
322	ATRIP	BLM	pathways
323	ATRIP	RMI2	pathways
324	ATRIP	RMI1	pathways
325	ATRIP	BRIP1	pathways
326	ATRIP	TOP3A	pathways
327	ATRIP	WRN	pathways
328	ATRIP	RPA3	pathways
329	ATRIP	BRCA1	pathways
330	ATRIP	RPA2	pathways
331	ATRIP	EXO1	pathways
332	ATRIP	FANCD2	pathways
333	ATRIP	FANCI	pathways
334	ATRIP	TP53	pathways
335	DCLRE1C	H2AX	pathways
336	DCLRE1C	MDC1	pathways
337	DCLRE1C	RNF8	pathways
338	DCLRE1C	MRE11	pathways
339	DCLRE1C	PAXIP1	pathways
340	DCLRE1C	ATM	pathways
341	DCLRE1C	NBN	pathways
342	DCLRE1C	RAD50	pathways
343	DCLRE1C	TP53BP1	pathways
344	DCLRE1C	XRCC5	pathways
345	DCLRE1C	XRCC6	pathways
346	DCLRE1C	PRKDC	pathways
347	DCLRE1C	LIG4	pathways
348	DCLRE1C	NHEJ1	pathways
349	DCLRE1C	XRCC4	pathways
350	BARD1	NBN	pathways
351	BARD1	RMI2	pathways
352	BARD1	EXO1	pathways
353	BARD1	TOP3A	pathways
354	BARD1	MRE11	pathways
355	BARD1	RMI1	pathways
356	BARD1	RAD50	pathways
357	BARD1	BLM	pathways
358	BARD1	WRN	pathways
359	BARD1	ATM	pathways
360	BARD1	BRIP1	pathways
361	BARD1	RBBP8	pathways
362	BARD1	RAD51AP1	pathways
363	BARD1	BRCA2	pathways
364	BARD1	RAD51	pathways
365	BARD1	BRCA1	pathways
366	BARD1	RPA1	pathways
367	BARD1	RPA3	pathways
368	BARD1	RPA2	pathways
369	XRCC5	PRKDC	pathways
370	XRCC5	XRCC6	pathways
371	XRCC5	LIG4	pathways
372	XRCC5	XRCC4	pathways
373	XRCC5	RAD50	pathways
374	XRCC5	ATM	pathways
375	XRCC5	TP53BP1	pathways
376	XRCC5	MRE11	pathways
377	XRCC5	H2AX	pathways
378	XRCC5	MDC1	pathways
379	XRCC5	RNF8	pathways
380	XRCC5	NBN	pathways
381	XRCC5	PAXIP1	pathways
382	XRCC5	NHEJ1	pathways
383	ERCC4	ERCC1	pathways
384	ERCC4	RPA2	pathways
385	ERCC4	RPA1	pathways
386	ERCC4	RPA3	pathways
387	ERCC4	RAD52	pathways
388	ERCC4	RAD51	pathways
389	FANCD2	FANCI	pathways
390	FANCD2	RPA1	pathways
391	FANCD2	RPA2	pathways
392	FANCD2	RPA3	pathways
393	FANCD2	USP1	pathways
394	POLD1	RPA3	pathways
395	POLD1	RPA1	pathways
396	POLD1	RPA2	pathways
397	POLD1	FEN1	pathways
398	POLD1	APEX1	pathways
399	POLD1	POLD4	pathways
400	POLD1	POLD2	pathways
401	POLD1	POLD3	pathways
402	POLD1	LIG1	pathways
403	POLD1	PCNA	pathways
404	POLD1	POLA2	pathways
405	POLD1	POLA1	pathways
406	POLD1	PRIM1	pathways
407	POLD1	PRIM2	pathways
408	POLD1	LIG3	pathways
409	POLD1	POLB	pathways
410	RPA4	MCM5	pathways
411	RPA4	MCM2	pathways
412	RPA4	MCM10	pathways
413	RPA4	MCM4	pathways
414	RPA4	MCM7	pathways
415	RPA4	MCM3	pathways
416	RPA4	CDK2	pathways
417	RPA4	RPA2	pathways
418	RPA4	RPA3	pathways
419	RPA4	RPA1	pathways
420	NEIL1	PNKP	pathways
421	NEIL1	LIG3	pathways
422	NEIL1	POLB	pathways
423	NEIL1	OGG1	pathways
424	PAXIP1	ATM	pathways
425	PAXIP1	MRE11	pathways
426	PAXIP1	H2AX	pathways
427	PAXIP1	TP53BP1	pathways
428	PAXIP1	MDC1	pathways
429	PAXIP1	RAD50	pathways
430	PAXIP1	RNF8	pathways
431	PAXIP1	NBN	pathways
432	PAXIP1	XRCC6	pathways
433	LMNA	EMD	pathways
434	LMNA	BANF1	pathways
435	LMNA	VRK1	pathways
436	MCM7	CDK2	pathways
437	MCM7	RPA3	pathways
438	MCM7	RPA2	pathways
439	MCM7	RPA1	pathways
440	MCM7	MCM10	pathways
441	MCM7	MCM5	pathways
442	MCM7	MCM3	pathways
443	MCM7	MCM4	pathways
444	MCM7	MCM2	pathways
445	MDC1	TP53BP1	pathways
446	MDC1	H2AX	pathways
447	MDC1	MRE11	pathways
448	MDC1	RAD50	pathways
449	MDC1	ATM	pathways
450	MDC1	NBN	pathways
451	MDC1	RNF8	pathways
452	MDC1	XRCC6	pathways
453	PMS2	MLH1	pathways
454	PMS2	PCNA	pathways
455	PMS2	MSH3	pathways
456	PMS2	MSH2	pathways
457	PMS2	MSH6	pathways
458	PMS2	EXO1	pathways
459	POLD3	RPA1	pathways
460	POLD3	RPA2	pathways
461	POLD3	RPA3	pathways
462	POLD3	APEX1	pathways
463	POLD3	FEN1	pathways
464	POLD3	POLD2	pathways
465	POLD3	POLD4	pathways
466	POLD3	LIG1	pathways
467	POLD3	PCNA	pathways
468	POLD3	POLA2	pathways
469	POLD3	POLA1	pathways
470	POLD3	PRIM2	pathways
471	POLD3	PRIM1	pathways
472	POLD3	LIG3	pathways
473	POLD3	POLB	pathways
474	HUS1	RAD9B	pathways
475	HUS1	RAD9A	pathways
476	HUS1	RAD1	pathways
477	HUS1	RPA1	pathways
478	HUS1	RPA3	pathways
479	HUS1	RPA2	pathways
480	POLA2	PRIM2	pathways
481	POLA2	PRIM1	pathways
482	POLA2	POLA1	pathways
483	POLA2	POLE3	pathways
484	POLA2	POLE4	pathways
485	POLA2	POLE	pathways
486	POLA2	POLD2	pathways
487	POLA2	POLD4	pathways
488	POLA2	RPA1	pathways
489	POLA2	RPA2	pathways
490	POLA2	RPA3	pathways
491	POLA2	PCNA	pathways
492	POLA2	FEN1	pathways
493	MCM4	CDK2	pathways
494	MCM4	RPA1	pathways
495	MCM4	RPA3	pathways
496	MCM4	RPA2	pathways
497	MCM4	MCM10	pathways
498	MCM4	MCM3	pathways
499	MCM4	MCM5	pathways
500	MCM4	MCM2	pathways
501	TOP3A	BRCA1	pathways
502	TOP3A	RBBP8	pathways
503	TOP3A	RAD50	pathways
504	TOP3A	NBN	pathways
505	TOP3A	BRIP1	pathways
506	TOP3A	MRE11	pathways
507	TOP3A	ATM	pathways
508	TOP3A	RMI2	pathways
509	TOP3A	BLM	pathways
510	TOP3A	RMI1	pathways
511	TOP3A	RPA3	pathways
512	TOP3A	RPA2	pathways
513	TOP3A	RPA1	pathways
514	ATM	MRE11	pathways
515	ATM	RAD50	pathways
516	ATM	NBN	pathways
517	ATM	RMI1	pathways
518	ATM	EXO1	pathways
519	ATM	WRN	pathways
520	ATM	BRIP1	pathways
521	ATM	BRCA1	pathways
522	ATM	BLM	pathways
523	ATM	RMI2	pathways
524	ATM	RBBP8	pathways
525	ATM	MLH1	pathways
526	ATM	CDK2	pathways
527	ATM	TP53BP1	pathways
528	ATM	H2AX	pathways
529	ATM	RNF8	pathways
530	ATM	RPA1	pathways
531	ATM	RPA3	pathways
532	ATM	RPA2	pathways
533	ATM	TP53	pathways
534	ATM	XRCC6	pathways
535	POLE4	PRIM1	pathways
536	POLE4	POLA1	pathways
537	POLE4	PRIM2	pathways
538	POLE4	POLE	pathways
539	POLE4	POLE3	pathways
540	MSH3	MLH1	pathways
541	MSH3	PCNA	pathways
542	MSH3	MSH2	pathways
543	MSH3	EXO1	pathways
544	LIG1	RPA3	pathways
545	LIG1	RPA1	pathways
546	LIG1	APEX1	pathways
547	LIG1	PCNA	pathways
548	LIG1	POLD2	pathways
549	LIG1	RPA2	pathways
550	LIG1	POLD4	pathways
551	LIG1	POLB	pathways
552	MCM10	CDK2	pathways
553	MCM10	RPA1	pathways
554	MCM10	RPA3	pathways
555	MCM10	RPA2	pathways
556	MCM10	MCM3	pathways
557	MCM10	MCM5	pathways
558	MCM10	MCM2	pathways
559	EXO1	RBBP8	pathways
560	EXO1	BRCA1	pathways
561	EXO1	RAD50	pathways
562	EXO1	BRIP1	pathways
563	EXO1	MRE11	pathways
564	EXO1	NBN	pathways
565	EXO1	RPA2	pathways
566	EXO1	RPA3	pathways
567	EXO1	RPA1	pathways
568	EXO1	PCNA	pathways
569	EXO1	MSH2	pathways
570	EXO1	MLH1	pathways
571	EXO1	MSH6	pathways
572	CDK2	MCM5	pathways
573	CDK2	MCM3	pathways
574	CDK2	MCM2	pathways
575	CDK2	RPA2	pathways
576	CDK2	RPA3	pathways
577	CDK2	RPA1	pathways
578	CDK2	MLH1	pathways
579	CDK2	RBBP8	pathways
580	CDK2	MRE11	pathways
581	CDK2	RAD50	pathways
582	CDK2	NBN	pathways
583	CDK2	TP53	pathways
584	POLD2	RPA3	pathways
585	POLD2	RPA1	pathways
586	POLD2	RPA2	pathways
587	POLD2	FEN1	pathways
588	POLD2	APEX1	pathways
589	POLD2	POLD4	pathways
590	POLD2	PCNA	pathways
591	POLD2	PRIM1	pathways
592	POLD2	POLA1	pathways
593	POLD2	PRIM2	pathways
594	POLD2	LIG3	pathways
595	POLD2	POLB	pathways
596	MRE11	BRIP1	pathways
597	MRE11	BRCA1	pathways
598	MRE11	WRN	pathways
599	MRE11	RMI1	pathways
600	MRE11	BLM	pathways
601	MRE11	RMI2	pathways
602	MRE11	RBBP8	pathways
603	MRE11	FEN1	pathways
604	MRE11	PARP1	pathways
605	MRE11	TP53BP1	pathways
606	MRE11	H2AX	pathways
607	MRE11	RNF8	pathways
608	MRE11	LIG3	pathways
609	MRE11	RAD50	pathways
610	MRE11	NBN	pathways
611	MRE11	RPA3	pathways
612	MRE11	RPA2	pathways
613	MRE11	RPA1	pathways
614	MRE11	XRCC6	pathways
615	NBN	BRCA1	pathways
616	NBN	BLM	pathways
617	NBN	RMI2	pathways
618	NBN	RBBP8	pathways
619	NBN	RMI1	pathways
620	NBN	WRN	pathways
621	NBN	BRIP1	pathways
622	NBN	PARP1	pathways
623	NBN	FEN1	pathways
624	NBN	TP53BP1	pathways
625	NBN	H2AX	pathways
626	NBN	RNF8	pathways
627	NBN	LIG3	pathways
628	NBN	RAD50	pathways
629	NBN	RPA1	pathways
630	NBN	RPA3	pathways
631	NBN	RPA2	pathways
632	NBN	XRCC6	pathways
633	RAD9B	RAD1	pathways
634	RAD9B	RPA1	pathways
635	RAD9B	RPA3	pathways
636	RAD9B	RPA2	pathways
637	FEN1	RPA3	pathways
638	FEN1	RPA1	pathways
639	FEN1	PCNA	pathways
640	FEN1	APEX1	pathways
641	FEN1	POLD4	pathways
642	FEN1	RPA2	pathways
643	FEN1	RAD50	pathways
644	FEN1	PARP1	pathways
645	FEN1	RBBP8	pathways
646	FEN1	POLB	pathways
647	FEN1	PRIM2	pathways
648	FEN1	POLA1	pathways
649	FEN1	PRIM1	pathways
650	RAD51AP1	BRCA2	pathways
651	RAD51AP1	BRCA1	pathways
652	RAD51AP1	RAD51	pathways
653	RAD51AP1	RBBP8	pathways
654	H2AX	TP53BP1	pathways
655	H2AX	RAD50	pathways
656	H2AX	RNF8	pathways
657	H2AX	BRCA1	pathways
658	H2AX	XRCC6	pathways
659	PRIM1	POLA1	pathways
660	PRIM1	POLE	pathways
661	PRIM1	POLE3	pathways
662	PRIM1	PRIM2	pathways
663	PRIM1	POLD4	pathways
664	PRIM1	RPA2	pathways
665	PRIM1	RPA3	pathways
666	PRIM1	RPA1	pathways
667	PRIM1	PCNA	pathways
668	RAD51	BRCA1	pathways
669	RAD51	RBBP8	pathways
670	RAD51	RAD52	pathways
671	RAD51	BRCA2	pathways
672	RAD51	ERCC1	pathways
673	XPA	PARP1	pathways
674	RPA3	PCNA	pathways
675	RPA3	POLD4	pathways
676	RPA3	APEX1	pathways
677	RPA3	MCM2	pathways
678	RPA3	MCM3	pathways
679	RPA3	MCM5	pathways
680	RPA3	FANCI	pathways
681	RPA3	ERCC1	pathways
682	RPA3	USP1	pathways
683	RPA3	POLA1	pathways
684	RPA3	PRIM2	pathways
685	RPA3	RPA2	pathways
686	RPA3	RPA1	pathways
687	RPA3	RMI2	pathways
688	RPA3	BRCA1	pathways
689	RPA3	RMI1	pathways
690	RPA3	RAD50	pathways
691	RPA3	WRN	pathways
692	RPA3	RBBP8	pathways
693	RPA3	BRIP1	pathways
694	RPA3	BLM	pathways
695	RPA3	RAD9A	pathways
696	RPA3	RAD1	pathways
697	RPA3	LIG3	pathways
698	RPA3	POLB	pathways
699	BANF1	EMD	pathways
700	BANF1	VRK1	pathways
701	EMD	VRK1	pathways
702	POLE3	PRIM2	pathways
703	POLE3	POLA1	pathways
704	POLE3	POLE	pathways
705	MSH2	MLH1	pathways
706	MSH2	PCNA	pathways
707	MSH2	MSH6	pathways
708	RAD50	RBBP8	pathways
709	RAD50	RMI1	pathways
710	RAD50	WRN	pathways
711	RAD50	BLM	pathways
712	RAD50	BRIP1	pathways
713	RAD50	BRCA1	pathways
714	RAD50	RMI2	pathways
715	RAD50	PARP1	pathways
716	RAD50	TP53BP1	pathways
717	RAD50	RNF8	pathways
718	RAD50	LIG3	pathways
719	RAD50	RPA2	pathways
720	RAD50	RPA1	pathways
721	RAD50	XRCC6	pathways
722	ERCC1	RPA1	pathways
723	ERCC1	RPA2	pathways
724	ERCC1	RAD52	pathways
725	MCM3	RPA2	pathways
726	MCM3	RPA1	pathways
727	MCM3	MCM2	pathways
728	MCM3	MCM5	pathways
729	OGG1	APEX1	pathways
730	BRIP1	RMI2	pathways
731	BRIP1	WRN	pathways
732	BRIP1	BLM	pathways
733	BRIP1	RMI1	pathways
734	BRIP1	BRCA1	pathways
735	BRIP1	RBBP8	pathways
736	BRIP1	RPA1	pathways
737	BRIP1	RPA2	pathways
738	HLTF	PCNA	pathways
739	LIG4	XRCC4	pathways
740	LIG4	XRCC6	pathways
741	LIG4	NHEJ1	pathways
742	LIG4	PRKDC	pathways
743	USP1	RPA2	pathways
744	USP1	RPA1	pathways
745	USP1	PCNA	pathways
746	USP1	FANCI	pathways
747	PRIM2	POLA1	pathways
748	PRIM2	POLE	pathways
749	PRIM2	POLD4	pathways
750	PRIM2	RPA1	pathways
751	PRIM2	RPA2	pathways
752	PRIM2	PCNA	pathways
753	RAD1	RAD9A	pathways
754	RAD1	RPA1	pathways
755	RAD1	RPA2	pathways
756	FANCI	RPA1	pathways
757	FANCI	RPA2	pathways
758	APEX1	PCNA	pathways
759	APEX1	POLD4	pathways
760	APEX1	RPA1	pathways
761	APEX1	RPA2	pathways
762	APEX1	POLB	pathways
763	APEX1	PARP1	pathways
764	AR	USP12	pathways
765	AR	WDR20	pathways
766	MSH6	PCNA	pathways
767	MSH6	MLH1	pathways
768	TP53BP1	RNF8	pathways
769	TP53BP1	XRCC6	pathways
770	RPA2	POLD4	pathways
771	RPA2	PCNA	pathways
772	RPA2	MCM2	pathways
773	RPA2	MCM5	pathways
774	RPA2	POLA1	pathways
775	RPA2	RPA1	pathways
776	RPA2	RMI2	pathways
777	RPA2	RMI1	pathways
778	RPA2	WRN	pathways
779	RPA2	BRCA1	pathways
780	RPA2	RBBP8	pathways
781	RPA2	BLM	pathways
782	RPA2	RAD9A	pathways
783	RPA2	LIG3	pathways
784	RPA2	POLB	pathways
785	PNKP	POLB	pathways
786	PNKP	LIG3	pathways
787	RMI1	BRCA1	pathways
788	RMI1	RBBP8	pathways
789	RMI1	BLM	pathways
790	RMI1	RMI2	pathways
791	RMI1	RPA1	pathways
792	PRKDC	XRCC6	pathways
793	PRKDC	XRCC4	pathways
794	PRKDC	NHEJ1	pathways
795	XRCC4	XRCC6	pathways
796	XRCC4	NHEJ1	pathways
797	MLH1	PCNA	pathways
798	POLA1	POLE	pathways
799	POLA1	POLD4	pathways
800	POLA1	RPA1	pathways
801	POLA1	PCNA	pathways
802	RMI2	BRCA1	pathways
803	RMI2	RBBP8	pathways
804	RMI2	BLM	pathways
805	RMI2	RPA1	pathways
806	PCNA	RPA1	pathways
807	PCNA	POLD4	pathways
808	PCNA	LIG3	pathways
809	PCNA	POLB	pathways
810	RPA1	POLD4	pathways
811	RPA1	MCM2	pathways
812	RPA1	MCM5	pathways
813	RPA1	RBBP8	pathways
814	RPA1	WRN	pathways
815	RPA1	BRCA1	pathways
816	RPA1	BLM	pathways
817	RPA1	RAD9A	pathways
818	RPA1	LIG3	pathways
819	RPA1	POLB	pathways
820	BLM	BRCA1	pathways
821	BLM	RBBP8	pathways
822	WRN	BRCA1	pathways
823	WRN	RBBP8	pathways
824	WDR20	USP12	pathways
825	POLB	LIG3	pathways
826	POLB	PARP1	pathways
827	POLB	POLD4	pathways
828	LIG3	RBBP8	pathways
829	LIG3	POLD4	pathways
830	RBBP8	PARP1	pathways
831	RBBP8	BRCA1	pathways
832	RBBP8	BRCA2	pathways
833	RNF8	XRCC6	pathways
834	BRCA1	BRCA2	pathways
835	NHEJ1	XRCC6	pathways
836	MCM2	MCM5	pathways
837	SPATA48	ATRIP	coexp
838	SPATA48	HLTF	coexp
839	SPATA48	RAD9B	coexp
840	SPATA48	WDR48	coexp
841	HLTF	RAD9B	coexp
842	RAD9B	WDR48	coexp
843	CHRAC1	POLE3	complexes
844	CHRAC1	POLA1	complexes
845	CHRAC1	POLE	complexes
846	CHRAC1	POLE4	complexes
847	POLE2	POLE	complexes
848	POLE2	POLE3	complexes
849	POLE2	POLE4	complexes
850	POLE2	PCNA	complexes
851	POLE2	POLA1	complexes
852	POLE2	POLA2	complexes
853	POLE2	POLD1	complexes
854	POLE2	POLD2	complexes
855	POLE2	POLD3	complexes
856	POLE2	POLD4	complexes
857	POLE2	PRIM1	complexes
858	POLE2	PRIM2	complexes
859	POLE2	RPA1	complexes
860	POLE2	LIG1	complexes
861	MCM6	MCM2	complexes
862	MCM6	MCM3	complexes
863	MCM6	MCM4	complexes
864	MCM6	MCM5	complexes
865	MCM6	MCM7	complexes
866	MCM6	EMD	complexes
867	MCM6	LMNA	complexes
868	MCM6	MCM10	complexes
869	WDR48	USP1	complexes
870	WDR48	FANCD2	complexes
871	WDR48	FANCI	complexes
872	WDR48	USP12	complexes
873	WDR48	WDR20	complexes
874	WDR48	USP46	complexes
875	WDR48	RAD51AP1	complexes
876	ATR	ATRIP	complexes
877	XRCC1	PARP1	complexes
878	XRCC1	LIG3	complexes
879	XRCC1	LIG4	complexes
880	XRCC1	PNKP	complexes
881	XRCC1	POLB	complexes
882	XRCC1	NEIL1	complexes
883	XRCC1	TDP1	complexes
884	XRCC1	APLF	complexes
885	XRCC1	HLTF	complexes
886	XRCC1	APTX	complexes
887	DCLRE1C	PRKDC	complexes
888	BARD1	BRCA1	complexes
889	BARD1	RBBP8	complexes
890	BARD1	MRE11	complexes
891	BARD1	NBN	complexes
892	BARD1	RAD50	complexes
893	BARD1	MLH1	complexes
894	BARD1	MSH6	complexes
895	BARD1	BRCA2	complexes
896	BARD1	TP53	complexes
897	BARD1	XRCC6	complexes
898	BARD1	RAD51	complexes
899	XRCC5	PRKDC	complexes
900	XRCC5	XRCC6	complexes
901	XRCC5	PCNA	complexes
902	XRCC5	LIG4	complexes
903	XRCC5	MRE11	complexes
904	XRCC5	NBN	complexes
905	XRCC5	RAD50	complexes
906	XRCC5	XRCC4	complexes
907	XRCC5	PARP1	complexes
908	XRCC5	WRN	complexes
909	XRCC5	MDC1	complexes
910	XRCC5	RPA1	complexes
911	XRCC5	RPA2	complexes
912	XRCC5	TP53BP1	complexes
913	XRCC5	APLF	complexes
914	XRCC5	HLTF	complexes
915	XRCC5	LIG3	complexes
916	ERCC4	ERCC1	complexes
917	ERCC4	MSH2	complexes
918	ERCC4	XPA	complexes
919	ERCC4	RAD52	complexes
920	TDP1	LIG3	complexes
921	TDP1	PNKP	complexes
922	FANCD2	ATM	complexes
923	FANCD2	MDC1	complexes
924	FANCD2	MRE11	complexes
925	FANCD2	NBN	complexes
926	FANCD2	RAD50	complexes
927	FANCD2	FANCI	complexes
928	FANCD2	USP1	complexes
929	HUS1B	RAD1	complexes
930	HUS1B	RAD9B	complexes
931	POLD1	PCNA	complexes
932	POLD1	POLD2	complexes
933	POLD1	POLD3	complexes
934	POLD1	POLD4	complexes
935	POLD1	CDK2	complexes
936	POLD1	LIG1	complexes
937	POLD1	PARP1	complexes
938	POLD1	POLA1	complexes
939	POLD1	POLE	complexes
940	POLD1	RPA1	complexes
941	POLD1	RPA2	complexes
942	POLD1	RPA3	complexes
943	POLD1	POLA2	complexes
944	POLD1	PRIM1	complexes
945	POLD1	PRIM2	complexes
946	POLD1	POLE3	complexes
947	POLD1	POLE4	complexes
948	RPA4	RPA1	complexes
949	RPA4	RPA2	complexes
950	RPA4	RPA3	complexes
951	NEIL1	LIG3	complexes
952	NEIL1	POLB	complexes
953	PAXIP1	BLM	complexes
954	PAXIP1	MRE11	complexes
955	PAXIP1	NBN	complexes
956	PAXIP1	RAD50	complexes
957	PAXIP1	TP53BP1	complexes
958	LMNA	PARP1	complexes
959	LMNA	EMD	complexes
960	LMNA	MCM2	complexes
961	LMNA	MCM4	complexes
962	MCM7	MCM2	complexes
963	MCM7	MCM3	complexes
964	MCM7	MCM4	complexes
965	MCM7	MCM5	complexes
966	MDC1	ATM	complexes
967	MDC1	MRE11	complexes
968	MDC1	NBN	complexes
969	MDC1	RAD50	complexes
970	MDC1	H2AX	complexes
971	MDC1	TP53BP1	complexes
972	MDC1	PRKDC	complexes
973	MDC1	XRCC6	complexes
974	PMS2	MLH1	complexes
975	PMS2	MSH2	complexes
976	PMS2	PCNA	complexes
977	PMS2	MSH6	complexes
978	PMS2	EXO1	complexes
979	POLD3	PCNA	complexes
980	POLD3	POLD2	complexes
981	POLD3	POLD4	complexes
982	POLD3	POLA1	complexes
983	POLD3	POLA2	complexes
984	POLD3	PRIM1	complexes
985	POLD3	PRIM2	complexes
986	POLD3	RPA1	complexes
987	POLD3	POLE	complexes
988	POLD3	POLE3	complexes
989	POLD3	POLE4	complexes
990	POLD3	LIG1	complexes
991	HUS1	RAD1	complexes
992	HUS1	RAD9A	complexes
993	HUS1	LIG1	complexes
994	HUS1	FEN1	complexes
995	HUS1	POLB	complexes
996	HUS1	APEX1	complexes
997	HUS1	RAD9B	complexes
998	POLA2	POLA1	complexes
999	POLA2	PRIM1	complexes
1000	POLA2	PRIM2	complexes
1001	POLA2	CDK2	complexes
1002	POLA2	PCNA	complexes
1003	POLA2	POLD2	complexes
1004	POLA2	POLD4	complexes
1005	POLA2	RPA1	complexes
1006	POLA2	POLE	complexes
1007	POLA2	POLE3	complexes
1008	POLA2	POLE4	complexes
1009	POLA2	LIG1	complexes
1010	MCM4	MCM2	complexes
1011	MCM4	MCM3	complexes
1012	MCM4	MCM5	complexes
1013	MCM4	EMD	complexes
1014	TOP3A	BLM	complexes
1015	TOP3A	MLH1	complexes
1016	TOP3A	RMI1	complexes
1017	TOP3A	RPA1	complexes
1018	TOP3A	RPA2	complexes
1019	TOP3A	RPA3	complexes
1020	TOP3A	RMI2	complexes
1021	ATM	BLM	complexes
1022	ATM	BRCA1	complexes
1023	ATM	MLH1	complexes
1024	ATM	MRE11	complexes
1025	ATM	MSH2	complexes
1026	ATM	MSH6	complexes
1027	ATM	NBN	complexes
1028	ATM	RAD50	complexes
1029	POLE4	POLE	complexes
1030	POLE4	POLE3	complexes
1031	POLE4	PCNA	complexes
1032	POLE4	POLA1	complexes
1033	POLE4	POLD2	complexes
1034	POLE4	POLD4	complexes
1035	POLE4	PRIM1	complexes
1036	POLE4	PRIM2	complexes
1037	POLE4	RPA1	complexes
1038	POLE4	LIG1	complexes
1039	MSH3	MSH2	complexes
1040	MSH3	APLF	complexes
1041	MSH3	HLTF	complexes
1042	LIG1	CDK2	complexes
1043	LIG1	PARP1	complexes
1044	LIG1	POLA1	complexes
1045	LIG1	POLE	complexes
1046	LIG1	RPA1	complexes
1047	LIG1	RPA2	complexes
1048	LIG1	RPA3	complexes
1049	LIG1	PCNA	complexes
1050	LIG1	POLD2	complexes
1051	LIG1	POLD4	complexes
1052	LIG1	POLE3	complexes
1053	LIG1	PRIM1	complexes
1054	LIG1	PRIM2	complexes
1055	LIG1	RAD1	complexes
1056	LIG1	RAD9A	complexes
1057	EXO1	MLH1	complexes
1058	EXO1	PCNA	complexes
1059	CDK2	PCNA	complexes
1060	CDK2	POLA1	complexes
1061	CDK2	PARP1	complexes
1062	CDK2	POLE	complexes
1063	CDK2	RPA1	complexes
1064	CDK2	RPA2	complexes
1065	CDK2	RPA3	complexes
1066	POLD2	PCNA	complexes
1067	POLD2	POLD4	complexes
1068	POLD2	POLA1	complexes
1069	POLD2	PRIM1	complexes
1070	POLD2	PRIM2	complexes
1071	POLD2	RPA1	complexes
1072	POLD2	POLE	complexes
1073	POLD2	POLE3	complexes
1074	MRE11	NBN	complexes
1075	MRE11	RAD50	complexes
1076	MRE11	BRCA1	complexes
1077	MRE11	BLM	complexes
1078	MRE11	MLH1	complexes
1079	MRE11	MSH2	complexes
1080	MRE11	MSH6	complexes
1081	MRE11	LIG4	complexes
1082	MRE11	XRCC4	complexes
1083	MRE11	XRCC6	complexes
1084	MRE11	PARP1	complexes
1085	MRE11	RBBP8	complexes
1086	MRE11	TP53BP1	complexes
1087	NBN	RAD50	complexes
1088	NBN	BRCA1	complexes
1089	NBN	BLM	complexes
1090	NBN	MLH1	complexes
1091	NBN	MSH2	complexes
1092	NBN	MSH6	complexes
1093	NBN	LIG4	complexes
1094	NBN	XRCC4	complexes
1095	NBN	XRCC6	complexes
1096	NBN	RBBP8	complexes
1097	NBN	TP53BP1	complexes
1098	NBN	VRK1	complexes
1099	NBN	RNF8	complexes
1100	RAD9B	RAD1	complexes
1101	FEN1	RAD1	complexes
1102	FEN1	RAD9A	complexes
1103	FEN1	WRN	complexes
1104	FEN1	MSH2	complexes
1105	RAD51AP1	USP1	complexes
1106	RAD51AP1	USP46	complexes
1107	RAD51AP1	WDR20	complexes
1108	H2AX	PARP1	complexes
1109	H2AX	TP53BP1	complexes
1110	H2AX	XRCC6	complexes
1111	PRIM1	POLA1	complexes
1112	PRIM1	PRIM2	complexes
1113	PRIM1	PCNA	complexes
1114	PRIM1	POLD4	complexes
1115	PRIM1	RPA1	complexes
1116	PRIM1	POLE	complexes
1117	PRIM1	POLE3	complexes
1118	APLF	HLTF	complexes
1119	APLF	LIG3	complexes
1120	APLF	POLB	complexes
1121	APTX	LIG4	complexes
1122	APTX	XRCC4	complexes
1123	APTX	PNKP	complexes
1124	APTX	POLB	complexes
1125	RAD51	BLM	complexes
1126	RAD51	MSH2	complexes
1127	RAD51	MSH6	complexes
1128	RAD51	TP53	complexes
1129	RAD51	BRCA1	complexes
1130	RAD51	BRCA2	complexes
1131	XPA	ERCC1	complexes
1132	XPA	RPA1	complexes
1133	TP53	BLM	complexes
1134	TP53	MSH2	complexes
1135	TP53	MSH6	complexes
1136	TP53	XRCC6	complexes
1137	RPA3	BLM	complexes
1138	RPA3	MLH1	complexes
1139	RPA3	RMI1	complexes
1140	RPA3	RPA1	complexes
1141	RPA3	RPA2	complexes
1142	RPA3	PARP1	complexes
1143	RPA3	POLA1	complexes
1144	RPA3	POLE	complexes
1145	BANF1	EMD	complexes
1146	BANF1	PARP1	complexes
1147	EMD	MCM2	complexes
1148	POLE3	POLE	complexes
1149	POLE3	PCNA	complexes
1150	POLE3	POLA1	complexes
1151	POLE3	POLD4	complexes
1152	POLE3	PRIM2	complexes
1153	POLE3	RPA1	complexes
1154	MSH2	MSH6	complexes
1155	MSH2	PCNA	complexes
1156	MSH2	MLH1	complexes
1157	MSH2	ERCC1	complexes
1158	MSH2	BLM	complexes
1159	MSH2	BRCA1	complexes
1160	MSH2	RAD50	complexes
1161	MSH2	RPA1	complexes
1162	MSH2	RPA2	complexes
1163	RAD50	BRCA1	complexes
1164	RAD50	BLM	complexes
1165	RAD50	MLH1	complexes
1166	RAD50	MSH6	complexes
1167	RAD50	LIG4	complexes
1168	RAD50	XRCC4	complexes
1169	RAD50	XRCC6	complexes
1170	RAD50	PARP1	complexes
1171	RAD50	RBBP8	complexes
1172	RAD50	TP53BP1	complexes
1173	ERCC1	RAD52	complexes
1174	ERCC1	RPA1	complexes
1175	MCM3	MCM2	complexes
1176	MCM3	MCM5	complexes
1177	BRIP1	BRCA1	complexes
1178	HLTF	LIG3	complexes
1179	HLTF	POLB	complexes
1180	LIG4	XRCC4	complexes
1181	LIG4	PNKP	complexes
1182	LIG4	NHEJ1	complexes
1183	LIG4	XRCC6	complexes
1184	USP1	FANCI	complexes
1185	USP1	WDR20	complexes
1186	USP1	USP46	complexes
1187	PRIM2	POLA1	complexes
1188	PRIM2	PCNA	complexes
1189	PRIM2	POLD4	complexes
1190	PRIM2	RPA1	complexes
1191	PRIM2	POLE	complexes
1192	RAD1	RAD9A	complexes
1193	RAD1	POLB	complexes
1194	RAD1	APEX1	complexes
1195	APEX1	RAD9A	complexes
1196	VRK1	RNF8	complexes
1197	MSH6	PCNA	complexes
1198	MSH6	MLH1	complexes
1199	MSH6	BLM	complexes
1200	MSH6	BRCA1	complexes
1201	TP53BP1	BLM	complexes
1202	TP53BP1	RPA1	complexes
1203	TP53BP1	RPA2	complexes
1204	TP53BP1	XRCC6	complexes
1205	RPA2	BLM	complexes
1206	RPA2	MLH1	complexes
1207	RPA2	RMI1	complexes
1208	RPA2	RPA1	complexes
1209	RPA2	PARP1	complexes
1210	RPA2	POLA1	complexes
1211	RPA2	POLE	complexes
1212	RPA2	XRCC6	complexes
1213	PNKP	XRCC4	complexes
1214	PNKP	LIG3	complexes
1215	PNKP	POLB	complexes
1216	USP46	WDR20	complexes
1217	RMI1	BLM	complexes
1218	RMI1	MLH1	complexes
1219	RMI1	RPA1	complexes
1220	RMI1	RMI2	complexes
1221	PRKDC	XRCC6	complexes
1222	PRKDC	PARP1	complexes
1223	PRKDC	WRN	complexes
1224	XRCC4	NHEJ1	complexes
1225	XRCC4	XRCC6	complexes
1226	MLH1	BLM	complexes
1227	MLH1	RPA1	complexes
1228	MLH1	PCNA	complexes
1229	MLH1	BRCA1	complexes
1230	POLA1	PARP1	complexes
1231	POLA1	POLE	complexes
1232	POLA1	RPA1	complexes
1233	POLA1	PCNA	complexes
1234	POLA1	POLD4	complexes
1235	PCNA	POLD4	complexes
1236	PCNA	RPA1	complexes
1237	PCNA	XRCC6	complexes
1238	PCNA	POLE	complexes
1239	RPA1	BLM	complexes
1240	RPA1	PARP1	complexes
1241	RPA1	POLE	complexes
1242	RPA1	POLD4	complexes
1243	RPA1	XRCC6	complexes
1244	BLM	BRCA1	complexes
1245	WRN	XRCC6	complexes
1246	WRN	PARP1	complexes
1247	WDR20	USP12	complexes
1248	POLB	LIG3	complexes
1249	POLB	RAD9A	complexes
1250	POLE	PARP1	complexes
1251	POLE	POLD4	complexes
1252	LIG3	PARP1	complexes
1253	RBBP8	BRCA1	complexes
1254	PARP1	XRCC6	complexes
1255	BRCA1	BRCA2	complexes
1256	MCM2	MCM5	complexes
